type,subtype,latitude, longitude
pumping,,4.957251,52.35685
pumping,,4.953152,52.353289
observation,random,4.956326,52.356586
observation,random,4.95675,52.356121
observation,random,4.957623,52.356417
observation,random,4.955331,52.35526
observation,random,4.956888,52.354673
observation,array,4.953333,52.354959
observation,array,4.953602,52.354711
observation,array,4.953978,52.354497
observation,array,4.954378,52.354287
observation,array,4.954636,52.354095
observation,array,4.954993,52.35388
observation,array,4.955393,52.353606
observation,array,4.95572,52.353395
